level,country,salid,cases,cases_per_1M,deaths,deaths_per_10M
L1,AR,101101,18716,60685,468,15175
L1,AR,101103,60824,93978,1936,29913
L1,AR,101104,10348,67668,344,22495
L1,AR,101105,13292,98383,319,23611
L1,AR,101106,17572,79310,106,4784
L1,AR,101107,155981,91271,1979,11580
L1,AR,101108,22328,82616,367,13579
L1,AR,101109,33448,75300,708,15939
L1,AR,101110,18435,83567,453,20535
L1,AR,101111,28398,71323,364,9142
L1,AR,101112,1516755,95043,40527,25395
L1,AR,101113,11537,62163,165,8890
L1,AR,101114,17876,48604,438,11909
L1,AR,101115,21638,82127,295,11197
L1,AR,101116,15270,42997,520,14642
L1,AR,101117,17283,130323,163,12291
L1,AR,101118,9814,46357,348,16438
L1,AR,101119,76115,63341,1700,14147
L1,AR,101120,12246,59143,276,13330
L1,AR,101121,9408,26207,89,2479
L1,AR,101122,74170,96273,1671,21690
L1,AR,101123,16664,107189,365,23478
L1,AR,101124,24271,36701,640,9678
L1,AR,101125,34687,77722,337,7551
L1,AR,101126,155465,107434,2958,20441
L1,AR,101127,50744,89162,722,12686
L1,AR,101128,30880,55655,443,7984
L1,AR,101129,27673,118781,305,13092
L1,AR,101130,16810,119486,262,18623
L1,AR,101132,100564,89719,1525,13605
L1,AR,101133,9757,68726,218,15355
L1,AR,101134,21461,162991,392,29771
L1,AR,101135,20293,89439,500,22037
L1,AR,AR888,1051649,70836,21647,14581
L1,BR,102101,36889,99552,1019,27500
L1,BR,102102,24845,107542,403,17444
L1,BR,102103,86732,75172,2439,21139
L1,BR,102104,78555,138205,1447,25458
L1,BR,102105,178899,86941,9022,43845
L1,BR,102106,11877,76876,232,15017
L1,BR,102107,16648,108161,265,17217
L1,BR,102108,47072,71857,858,13098
L1,BR,102109,19801,109877,489,27135
L1,BR,102110,31112,141625,597,27176
L1,BR,102111,15742,97455,320,19810
L1,BR,102112,8865,60958,182,12515
L1,BR,102113,262481,74302,8010,22674
L1,BR,102114,15573,98684,257,16286
L1,BR,102115,30500,88861,504,14684
L1,BR,102116,322937,89000,10986,30277
L1,BR,102117,46032,101484,812,17902
L1,BR,102118,25605,126902,674,33404
L1,BR,102119,461848,127579,10045,27748
L1,BR,102120,24976,119674,528,25299
L1,BR,102121,14839,123864,378,31552
L1,BR,102122,24217,147969,360,21996
L1,BR,102124,36918,99735,1282,34634
L1,BR,102125,248550,110613,7125,31709
L1,BR,102126,23964,115603,600,28944
L1,BR,102127,10388,64468,208,12908
L1,BR,102128,17662,58754,844,28076
L1,BR,102129,45010,32247,2634,18871
L1,BR,102130,116201,136855,4089,48158
L1,BR,102131,30220,140349,804,37340
L1,BR,102132,107301,125701,2912,34113
L1,BR,102133,33202,155975,527,24757
L1,BR,102134,13963,120094,367,31565
L1,BR,102135,7029,52098,233,17270
L1,BR,102136,361612,71630,10375,20551
L1,BR,102137,12272,97850,233,18578
L1,BR,102138,13546,58679,432,18714
L1,BR,102139,26410,94877,1074,38583
L1,BR,102140,67060,116295,1691,29325
L1,BR,102141,17658,150113,345,29329
L1,BR,102142,34292,61755,1652,29750
L1,BR,102143,35394,89753,833,21123
L1,BR,102144,7641,67548,222,19625
L1,BR,102145,14174,95279,403,27090
L1,BR,102146,10153,62031,319,19490
L1,BR,102147,17803,123764,341,23706
L1,BR,102148,19570,84314,495,21326
L1,BR,102149,11885,84262,264,18717
L1,BR,102150,29828,92599,981,30454
L1,BR,102151,95409,144043,2390,36083
L1,BR,102152,11219,84763,235,17755
L1,BR,102153,132256,60005,5898,26760
L1,BR,102154,7842,41481,399,21106
L1,BR,102155,16683,63902,405,15513
L1,BR,102156,48650,257152,400,21143
L1,BR,102157,17904,61444,886,30406
L1,BR,102158,36515,74575,1036,21158
L1,BR,102159,114385,101682,3385,30091
L1,BR,102160,7964,61060,285,21851
L1,BR,102161,17528,98073,617,34523
L1,BR,102162,35643,113955,719,22987
L1,BR,102163,284697,91749,8434,27180
L1,BR,102164,37846,143476,868,32906
L1,BR,102165,17898,100478,411,23073
L1,BR,102166,71457,101443,1735,24631
L1,BR,102167,65145,116021,1538,27391
L1,BR,102168,19788,131345,398,26418
L1,BR,102169,35993,106530,938,27762
L1,BR,102170,20139,152476,321,24303
L1,BR,102172,28441,81938,602,17343
L1,BR,102173,12145,88678,224,16356
L1,BR,102174,41091,74672,741,13466
L1,BR,102175,207050,55697,8861,23836
L1,BR,102176,5985,44069,265,19512
L1,BR,102177,14822,98965,403,26908
L1,BR,102178,102175,101273,2546,25235
L1,BR,102179,12969,68882,432,22945
L1,BR,102180,11943,51672,676,29247
L1,BR,102181,17149,51272,905,27058
L1,BR,102182,24995,51646,1289,26634
L1,BR,102184,24621,104935,636,27107
L1,BR,102187,18766,101555,618,33444
L1,BR,102188,11121,37301,1161,38941
L1,BR,102189,15456,88970,527,30336
L1,BR,102190,537877,44597,38779,32153
L1,BR,102191,24125,139400,758,43799
L1,BR,102192,52683,93470,1885,33444
L1,BR,102193,22319,77453,521,18080
L1,BR,102194,113202,83277,3271,24063
L1,BR,102195,49544,104336,1020,21480
L1,BR,102196,30143,153212,531,26990
L1,BR,102197,30247,82136,899,24413
L1,BR,102198,342152,90488,12230,32344
L1,BR,102199,16177,77827,449,21601
L1,BR,102200,15099,119755,264,20939
L1,BR,102201,31264,113233,687,24882
L1,BR,102202,9759,75271,342,26379
L1,BR,102203,17134,131378,502,38492
L1,BR,102204,81855,155353,2447,46442
L1,BR,102205,80108,249779,1268,39537
L1,BR,102206,34964,172588,498,24582
L1,BR,102207,75767,140347,939,17394
L1,BR,102208,28569,197861,294,20362
L1,BR,102209,34222,166289,623,30272
L1,BR,102210,55101,158921,810,23362
L1,BR,102211,150321,157841,2079,21830
L1,BR,102212,49913,140788,1001,28235
L1,BR,102213,36822,164802,432,19335
L1,BR,102214,95081,159905,1556,26169
L1,BR,102215,23969,151006,441,27783
L1,BR,102216,23578,122320,700,36315
L1,BR,102217,22150,83676,496,18737
L1,BR,102218,14511,112578,325,25214
L1,BR,102219,11652,72728,250,15604
L1,BR,102220,128921,74052,5187,29794
L1,BR,102221,12575,105457,378,31700
L1,BR,102222,40199,109536,904,24633
L1,BR,102223,12819,108312,452,38191
L1,BR,102224,12319,88317,237,16991
L1,BR,102225,15298,95217,419,26079
L1,BR,102226,252916,81824,7782,25176
L1,BR,102227,11051,92491,426,35654
L1,BR,102228,27339,79912,601,17567
L1,BR,102229,15187,57326,418,15778
L1,BR,102231,13735,87476,150,9553
L1,BR,102233,7678,53587,431,30081
L1,BR,102234,55736,85292,1696,25954
L1,BR,102235,19249,60344,665,20847
L1,BR,102236,22853,98504,658,28362
L1,BR,102237,22733,91080,698,27965
L1,BR,102238,10900,98836,292,26477
L1,BR,102240,49901,127477,996,25444
L1,BR,102241,24824,100564,732,29654
L1,BR,102242,60451,90723,2252,33797
L1,BR,102243,13652,60757,507,22563
L1,BR,102245,19628,81312,389,16115
L1,BR,102246,85824,163311,2488,47343
L1,BR,102247,101637,101001,2298,22836
L1,BR,102248,1321928,63580,56219,27039
L1,BR,102249,13595,113150,353,29380
L1,BR,102250,67161,84583,2392,30125
L1,BR,102251,5578,47806,332,28454
L1,BR,102252,33910,66771,654,12878
L1,BR,102253,144760,156372,2903,31359
L1,BR,102254,31359,184267,407,23916
L1,BR,102255,42745,156732,537,19690
L1,BR,102256,25252,183283,509,36944
L1,BR,102257,24424,140382,379,21784
L1,BR,102258,21840,111236,537,27351
L1,BR,102259,17941,103614,551,31822
L1,BR,102260,14866,86287,533,30937
L1,BR,BR888,6922773,72685,149989,15748
L1,CL,103101,25609,105084,520,21338
L1,CL,103102,40534,124426,668,20505
L1,CL,103103,35815,91878,619,15879
L1,CL,103104,15983,87868,418,22980
L1,CL,103105,12975,72572,154,8614
L1,CL,103106,27575,59012,475,10165
L1,CL,103107,80436,81005,1751,17634
L1,CL,103108,12833,74786,292,17017
L1,CL,103109,9356,72732,201,15625
L1,CL,103110,618547,92388,15821,23631
L1,CL,103111,28252,83287,522,15389
L1,CL,103112,22768,77584,389,13255
L1,CL,103113,18198,124124,335,22849
L1,CL,103114,101605,95990,1677,15843
L1,CL,103115,19724,91744,252,11721
L1,CL,103116,21885,110538,226,11415
L1,CL,103117,37235,96972,436,11355
L1,CL,103118,18598,108426,196,11427
L1,CL,103119,17885,113177,296,18731
L1,CL,103120,27898,110469,331,13107
L1,CL,103121,24107,186496,373,28856
L1,CL,CL888,446136,74424,7723,12883
L1,CO,104101,9821,51874,258,13627
L1,CO,104102,454790,119225,10573,27718
L1,CO,104103,243952,117590,8692,41897
L1,CO,104104,91023,82817,1830,16650
L1,CO,104105,21237,95797,345,15562
L1,CO,104106,58241,127355,1076,23529
L1,CO,104107,13900,77893,589,33006
L1,CO,104108,14956,102297,357,24418
L1,CO,104109,23642,83702,486,17206
L1,CO,104110,49867,105371,1278,27005
L1,CO,104111,8218,70809,217,18698
L1,CO,104112,37005,81521,1475,32494
L1,CO,104113,1133162,119801,25985,27472
L1,CO,104114,40390,106393,1324,34876
L1,CO,104115,16177,58218,390,14035
L1,CO,104116,58331,91716,2149,33790
L1,CO,104117,40982,80990,1062,20988
L1,CO,104118,36469,80926,1227,27228
L1,CO,104119,50150,60150,2761,33116
L1,CO,104120,37390,98890,1187,31394
L1,CO,104121,59852,79828,1706,22754
L1,CO,104122,17148,89491,627,32722
L1,CO,104123,104171,91244,3791,33206
L1,CO,104124,24787,87627,788,27858
L1,CO,104125,55387,98191,1579,27993
L1,CO,104126,6550,15754,387,9308
L1,CO,104127,205996,74863,6660,24204
L1,CO,104128,7171,53659,300,22448
L1,CO,104129,15435,50005,815,26404
L1,CO,104130,10031,46307,487,22482
L1,CO,104131,14886,102795,414,28589
L1,CO,104132,10625,73130,442,30422
L1,CO,104133,11015,78788,490,35049
L1,CO,104134,7492,65262,256,22300
L1,CO,104135,13814,107312,406,31539
L1,CO,CO888,542530,25803,22527,10714
L1,GT,203101,3168,19377,183,11193
L1,GT,203102,122863,37317,3992,12125
L1,GT,203103,12765,43236,380,12871
L1,GT,GT888,118871,8392,3606,2546
L1,MX,204101,17285,16379,1808,17132
L1,MX,204102,7647,13874,1111,20156
L1,MX,204103,16682,15431,2843,26298
L1,MX,204104,15810,6764,3446,14742
L1,MX,204105,13683,55069,570,22940
L1,MX,204106,3890,14162,441,16056
L1,MX,204107,2881,10660,421,15578
L1,MX,204108,11700,12539,1305,13986
L1,MX,204109,21278,13291,2736,17090
L1,MX,204110,1299,9546,191,14037
L1,MX,204111,1630,11582,271,19255
L1,MX,204112,1670,16695,220,21993
L1,MX,204113,474,2024,53,2263
L1,MX,204114,1374,5037,237,8688
L1,MX,204115,3754,5017,570,7618
L1,MX,204116,3047,20062,346,22781
L1,MX,204117,8663,29110,887,29806
L1,MX,204118,6686,32947,450,22175
L1,MX,204119,13425,14380,1708,18295
L1,MX,204120,26742,20271,2352,17828
L1,MX,204121,4993,14218,508,14466
L1,MX,204122,2564,13672,312,16637
L1,MX,204123,1454,12325,172,14580
L1,MX,204124,16509,28938,956,16757
L1,MX,204125,13667,19182,1680,23580
L1,MX,204126,5802,24484,413,17428
L1,MX,204127,1596,15031,232,21850
L1,MX,204128,13719,18901,1317,18145
L1,MX,204129,4375,24729,324,18314
L1,MX,204130,11087,22081,1067,21250
L1,MX,204131,40554,22265,3840,21083
L1,MX,204132,2659,30975,98,11416
L1,MX,204133,6219,26655,554,23745
L1,MX,204134,3678,19127,411,21374
L1,MX,204135,11953,20427,1776,30351
L1,MX,204136,4193,14181,800,27056
L1,MX,204137,2556,12165,527,25083
L1,MX,204138,51645,10518,8024,16342
L1,MX,204139,941,6517,211,14613
L1,MX,204140,4095,9557,519,12112
L1,MX,204141,417191,19688,45927,21674
L1,MX,204142,1730,9943,404,23220
L1,MX,204143,24364,10728,4398,19366
L1,MX,204144,3291,15790,299,14346
L1,MX,204145,10769,12253,1374,15634
L1,MX,204146,3626,12041,458,15209
L1,MX,204147,2127,8350,210,8244
L1,MX,204148,3530,8514,531,12808
L1,MX,204149,7810,7881,1310,13220
L1,MX,204150,5739,12782,702,15635
L1,MX,204151,94946,21198,8436,18834
L1,MX,204152,21118,36428,1236,21321
L1,MX,204154,1769,12086,233,15918
L1,MX,204155,1495,9174,226,13868
L1,MX,204156,60326,19169,7118,22617
L1,MX,204157,2631,7260,655,18074
L1,MX,204158,1340,9107,173,11757
L1,MX,204159,42080,34106,2566,20798
L1,MX,204160,2875,10856,354,13367
L1,MX,204161,9435,9862,1627,17006
L1,MX,204162,5337,25290,289,13694
L1,MX,204163,2421,6200,313,8016
L1,MX,204164,14094,16812,1950,23261
L1,MX,204165,4456,9885,1006,22316
L1,MX,204166,5045,10951,827,17951
L1,MX,204167,3972,23404,293,17264
L1,MX,204168,1803,18535,169,17373
L1,MX,204169,37424,31683,3155,26710
L1,MX,204170,6981,18078,878,22736
L1,MX,204171,2970,16463,441,24445
L1,MX,204172,22453,24783,1792,19780
L1,MX,204173,2405,15974,245,16273
L1,MX,204174,3446,13457,486,18979
L1,MX,204175,2640,15153,439,25197
L1,MX,204176,35732,49945,1964,27452
L1,MX,204177,8150,23347,401,11487
L1,MX,204178,7913,14374,676,12280
L1,MX,204179,4680,10230,651,14230
L1,MX,204180,9151,10662,1099,12805
L1,MX,204181,18945,21534,1463,16629
L1,MX,204182,10913,19649,1325,23857
L1,MX,204183,267,2422,77,6986
L1,MX,204184,3729,10784,884,25563
L1,MX,204185,3770,12525,433,14385
L1,MX,204186,2470,7139,558,16128
L1,MX,204187,6947,16901,676,16446
L1,MX,204188,4842,9603,909,18029
L1,MX,204189,13527,15586,1828,21062
L1,MX,204190,5102,8040,963,15175
L1,MX,204191,22141,20533,2130,19753
L1,MX,204192,4943,21671,504,22096
L1,MX,204193,13380,39886,895,26680
L1,MX,MX888,292156,5908,33724,6819
L1,PE,105101,11104,29088,3418,89537
L1,PE,105102,2209,16046,897,65158
L1,PE,105103,18067,19637,5983,65029
L1,PE,105104,4462,21357,896,42886
L1,PE,105105,5865,19905,1324,44934
L1,PE,105106,13278,30548,2130,49004
L1,PE,105107,2645,11955,1338,60473
L1,PE,105108,1191,6076,2311,117906
L1,PE,105109,3565,10862,3467,105629
L1,PE,105110,2106,19706,1107,103581
L1,PE,105111,9774,20792,3141,66819
L1,PE,105112,9133,12643,5183,71747
L1,PE,105113,329110,33168,9493,9567
L1,PE,105114,16330,17199,6423,67646
L1,PE,105115,5703,12083,2755,58370
L1,PE,105116,2514,4860,3437,66442
L1,PE,105117,1479,5709,1836,70874
L1,PE,105118,625,2200,970,34143
L1,PE,105119,2843,20154,992,70323
L1,PE,105120,3614,24626,912,62143
L1,PE,105121,4017,13256,1603,52897
L1,PE,105122,3180,23460,988,72888
L1,PE,105123,2326,7006,2592,78070
L1,PE,PE888,1400807,92853,44425,29447
L2,AR,10110110,18716,60685,468,15175
L2,AR,10110310,60824,93978,1936,29913
L2,AR,10110410,10348,67668,344,22495
L2,AR,10110510,13292,98383,319,23611
L2,AR,10110610,14284,80383,95,5346
L2,AR,10110611,948,71824,3,2273
L2,AR,10110612,2340,76316,8,2609
L2,AR,10110710,135600,94789,1793,12534
L2,AR,10110711,20381,73199,186,6680
L2,AR,10110810,22328,82616,367,13579
L2,AR,10110910,32686,75983,693,16110
L2,AR,10110911,762,54339,15,10697
L2,AR,10111010,18435,83567,453,20535
L2,AR,10111110,28398,71323,364,9142
L2,AR,10111210,33993,134216,664,26217
L2,AR,10111211,21567,144049,506,33796
L2,AR,10111212,30079,156041,758,39323
L2,AR,10111213,37829,158407,760,31825
L2,AR,10111214,24652,131860,562,30061
L2,AR,10111215,21912,118542,506,27374
L2,AR,10111216,30917,128496,783,32543
L2,AR,10111217,29373,129597,561,24752
L2,AR,10111218,22190,130067,544,31887
L2,AR,10111219,20372,119637,523,30714
L2,AR,10111220,22770,119851,538,28318
L2,AR,10111221,23571,110189,526,24589
L2,AR,10111222,27893,118207,572,24241
L2,AR,10111223,31427,138479,647,28509
L2,AR,10111224,25118,137702,564,30920
L2,AR,10111225,53419,91071,1766,30108
L2,AR,10111226,37619,106486,1201,33996
L2,AR,10111227,28690,80943,934,26351
L2,AR,10111228,31332,89122,846,24064
L2,AR,10111229,16454,80938,381,18742
L2,AR,10111230,35281,71760,898,18265
L2,AR,10111231,42053,99380,1326,31336
L2,AR,10111232,17211,90371,541,28407
L2,AR,10111233,16875,95058,565,31827
L2,AR,10111234,24759,83567,696,23491
L2,AR,10111235,133322,62396,3812,17841
L2,AR,10111236,47365,102293,1143,24685
L2,AR,10111237,55520,86626,1044,16289
L2,AR,10111238,31419,89802,943,26953
L2,AR,10111239,43797,74961,1373,23500
L2,AR,10111240,43180,83667,1066,20655
L2,AR,10111241,30348,94773,1070,33415
L2,AR,10111242,63606,99115,2125,33113
L2,AR,10111243,16819,97840,561,32635
L2,AR,10111244,33600,114613,855,29165
L2,AR,10111245,30548,102902,752,25331
L2,AR,10111246,36799,83843,908,20688
L2,AR,10111247,34343,99858,1083,31490
L2,AR,10111248,25333,94211,780,29007
L2,AR,10111249,22745,93426,711,29204
L2,AR,10111250,10126,98017,153,14810
L2,AR,10111251,4796,76125,125,19841
L2,AR,10111252,43016,120931,652,18330
L2,AR,10111253,7089,71715,149,15073
L2,AR,10111254,6611,91665,150,20798
L2,AR,10111255,5558,92915,113,18891
L2,AR,10111256,2470,71295,53,15298
L2,AR,10111257,11188,96355,306,26354
L2,AR,10111258,56766,81307,2016,28876
L2,AR,10111259,7685,81306,281,29729
L2,AR,10111260,5350,88501,135,22332
L2,AR,10111310,11537,62163,165,8890
L2,AR,10111410,17876,48604,438,11909
L2,AR,10111510,21638,82127,295,11197
L2,AR,10111610,12921,43498,442,14880
L2,AR,10111611,2349,40437,78,13427
L2,AR,10111710,15019,129047,153,13146
L2,AR,10111711,2264,139469,10,6160
L2,AR,10111810,9814,46357,348,16438
L2,AR,10111910,9167,76878,211,17695
L2,AR,10111911,13752,67561,337,16556
L2,AR,10111912,17942,56054,495,15465
L2,AR,10111913,13646,59938,264,11596
L2,AR,10111914,9594,69907,144,10493
L2,AR,10111915,12014,61962,249,12842
L2,AR,10112010,12246,59143,276,13330
L2,AR,10112110,9408,26207,89,2479
L2,AR,10112210,46829,113336,905,21903
L2,AR,10112211,27341,76536,766,21443
L2,AR,10112310,16664,107189,365,23478
L2,AR,10112410,21961,36211,590,9728
L2,AR,10112411,1677,37212,43,9542
L2,AR,10112412,633,64750,7,7160
L2,AR,10112510,26325,91047,243,8404
L2,AR,10112511,8362,53208,94,5981
L2,AR,10112610,137706,108428,2804,22078
L2,AR,10112611,17759,100302,154,8698
L2,AR,10112710,50744,89162,722,12686
L2,AR,10112810,7717,70952,115,10573
L2,AR,10112811,4477,44150,60,5917
L2,AR,10112812,240,21653,5,4511
L2,AR,10112813,3055,46482,28,4260
L2,AR,10112814,7317,59032,120,9681
L2,AR,10112815,5142,56854,60,6634
L2,AR,10112816,2932,54823,55,10284
L2,AR,10112910,27673,118781,305,13092
L2,AR,10113010,16810,119486,262,18623
L2,AR,10113210,55348,93210,958,16133
L2,AR,10113211,17190,81989,255,12162
L2,AR,10113212,5738,68376,70,8341
L2,AR,10113213,12797,89698,139,9743
L2,AR,10113214,9491,104493,103,11340
L2,AR,10113310,9757,68726,218,15355
L2,AR,10113410,21461,162991,392,29771
L2,AR,10113510,10042,80760,292,23483
L2,AR,10113511,10251,99962,208,20283
L2,AR,AR888,1051649,70836,21647,14581
L2,BR,10210110,36889,99552,1019,27500
L2,BR,10210210,24845,107542,403,17444
L2,BR,10210310,76778,75745,2189,21595
L2,BR,10210311,5756,112582,92,17994
L2,BR,10210312,3197,42267,127,16791
L2,BR,10210313,1001,74824,31,23172
L2,BR,10210410,54175,118759,1302,28542
L2,BR,10210411,24380,217252,145,12921
L2,BR,10210510,178899,86941,9022,43845
L2,BR,10210610,11877,76876,232,15017
L2,BR,10210710,16648,108161,265,17217
L2,BR,10210810,44967,72818,831,13457
L2,BR,10210811,2105,56054,27,7190
L2,BR,10210910,19801,109877,489,27135
L2,BR,10211010,31112,141625,597,27176
L2,BR,10211110,15742,97455,320,19810
L2,BR,10211210,8865,60958,182,12515
L2,BR,10211310,212080,72603,6800,23279
L2,BR,10211311,22181,77308,568,19797
L2,BR,10211312,20288,105980,439,22932
L2,BR,10211313,7932,59548,203,15240
L2,BR,10211410,15573,98684,257,16286
L2,BR,10211510,30500,88861,504,14684
L2,BR,10211610,238202,91920,8591,33152
L2,BR,10211611,20321,57410,839,23703
L2,BR,10211612,20295,91615,675,30471
L2,BR,10211613,11310,91517,238,19258
L2,BR,10211614,5885,73208,215,26746
L2,BR,10211615,8993,175888,112,21905
L2,BR,10211616,4308,111774,59,15308
L2,BR,10211617,6074,78150,81,10422
L2,BR,10211618,1969,97437,36,17815
L2,BR,10211619,5580,79652,140,19984
L2,BR,10211710,25179,94643,491,18456
L2,BR,10211711,15065,117067,194,15075
L2,BR,10211712,5788,98335,127,21577
L2,BR,10211810,25605,126902,674,33404
L2,BR,10211910,410970,140993,8800,30190
L2,BR,10211911,7558,40400,277,14807
L2,BR,10211912,22120,113999,366,18862
L2,BR,10211913,4286,40178,171,16030
L2,BR,10211914,11711,76416,310,20228
L2,BR,10211915,5203,81010,121,18839
L2,BR,10212010,24976,119674,528,25299
L2,BR,10212110,14839,123864,378,31552
L2,BR,10212210,24217,147969,360,21996
L2,BR,10212310,52853,148515,1173,32961
L2,BR,10212311,37559,98374,1267,33185
L2,BR,10212312,62581,128933,1329,27381
L2,BR,10212313,60310,127570,1495,31623
L2,BR,10212314,7723,103669,233,31276
L2,BR,10212410,36542,99707,1277,34844
L2,BR,10212411,376,102536,5,13635
L2,BR,10212510,152194,106378,4965,34703
L2,BR,10212511,65518,125535,1292,24755
L2,BR,10212512,8506,72421,373,31758
L2,BR,10212513,1395,176605,31,39245
L2,BR,10212514,976,103313,19,20112
L2,BR,10212515,3144,79623,89,22540
L2,BR,10212516,2209,111780,73,36940
L2,BR,10212517,14608,145541,283,28196
L2,BR,10212610,23964,115603,600,28944
L2,BR,10212710,10388,64468,208,12908
L2,BR,10212810,15846,62602,758,29946
L2,BR,10212811,536,42361,25,19758
L2,BR,10212812,685,29480,47,20227
L2,BR,10212813,595,51306,14,12072
L2,BR,10212910,40760,37955,2149,20011
L2,BR,10212911,821,6965,161,13659
L2,BR,10212912,2161,12400,287,16469
L2,BR,10212913,1268,42610,37,12434
L2,BR,10213010,87473,150689,2915,50216
L2,BR,10213011,28728,106957,1174,43709
L2,BR,10213110,30220,140349,804,37340
L2,BR,10213210,107301,125701,2912,34113
L2,BR,10213310,33202,155975,527,24757
L2,BR,10213410,13963,120094,367,31565
L2,BR,10213510,7029,52098,233,17270
L2,BR,10213610,212148,84773,5166,20643
L2,BR,10213611,27397,65652,1054,25257
L2,BR,10213612,35758,55117,1518,23398
L2,BR,10213613,8293,47697,314,18059
L2,BR,10213614,15957,49454,558,17294
L2,BR,10213615,4894,36418,174,12948
L2,BR,10213616,7474,34562,373,17248
L2,BR,10213617,5415,45674,144,12146
L2,BR,10213618,455,70259,10,15442
L2,BR,10213619,2225,33107,107,15921
L2,BR,10213620,2529,63587,73,18355
L2,BR,10213621,2479,98836,66,26314
L2,BR,10213622,5097,85283,106,17736
L2,BR,10213623,1082,73998,44,30092
L2,BR,10213624,2259,74918,70,23215
L2,BR,10213625,2949,80304,72,19606
L2,BR,10213626,15277,169946,187,20803
L2,BR,10213627,4364,69324,138,21922
L2,BR,10213628,1577,54077,95,32577
L2,BR,10213629,2167,97376,38,17076
L2,BR,10213630,1816,60756,68,22750
L2,BR,10213710,12272,97850,233,18578
L2,BR,10213810,13546,58679,432,18714
L2,BR,10213910,26410,94877,1074,38583
L2,BR,10214010,29561,114868,778,30232
L2,BR,10214011,12551,114769,296,27067
L2,BR,10214012,8244,90812,231,25446
L2,BR,10214013,6159,194887,88,27845
L2,BR,10214014,10545,120452,298,34040
L2,BR,10214110,17658,150113,345,29329
L2,BR,10214210,34292,61755,1652,29750
L2,BR,10214310,35394,89753,833,21123
L2,BR,10214410,7641,67548,222,19625
L2,BR,10214510,14174,95279,403,27090
L2,BR,10214610,10153,62031,319,19490
L2,BR,10214710,17803,123764,341,23706
L2,BR,10214810,19570,84314,495,21326
L2,BR,10214910,11885,84262,264,18717
L2,BR,10215010,29828,92599,981,30454
L2,BR,10215110,95409,144043,2390,36083
L2,BR,10215210,11219,84763,235,17755
L2,BR,10215310,99946,69698,4780,33334
L2,BR,10215311,2757,22517,128,10454
L2,BR,10215312,22647,44984,788,15652
L2,BR,10215313,3755,64289,94,16094
L2,BR,10215314,1992,30076,84,12682
L2,BR,10215315,1159,59220,24,12263
L2,BR,10215410,7842,41481,399,21106
L2,BR,10215510,16683,63902,405,15513
L2,BR,10215610,48650,257152,400,21143
L2,BR,10215710,17904,61444,886,30406
L2,BR,10215810,30468,75216,914,22564
L2,BR,10215811,1992,73114,38,13948
L2,BR,10215812,3066,70215,60,13741
L2,BR,10215813,989,72401,24,17570
L2,BR,10215910,88547,111881,2618,33079
L2,BR,10215911,7951,58924,301,22307
L2,BR,10215912,6530,67921,226,23507
L2,BR,10215913,8199,124920,183,27882
L2,BR,10215914,911,71155,17,13278
L2,BR,10215915,2247,93723,40,16684
L2,BR,10216010,7964,61060,285,21851
L2,BR,10216110,11076,95973,427,36999
L2,BR,10216111,6452,101902,190,30008
L2,BR,10216210,35643,113955,719,22987
L2,BR,10216310,158923,84562,5197,27653
L2,BR,10216311,8621,76378,329,29148
L2,BR,10216312,22095,165590,341,25556
L2,BR,10216313,19522,83989,577,24824
L2,BR,10216314,14300,112559,410,32272
L2,BR,10216315,11065,105907,242,23163
L2,BR,10216316,23804,79906,718,24102
L2,BR,10216317,4581,109530,111,26540
L2,BR,10216318,16029,129164,370,29815
L2,BR,10216319,2864,104100,65,23626
L2,BR,10216320,2893,131196,74,33559
L2,BR,10216410,37846,143476,868,32906
L2,BR,10216510,17898,100478,411,23073
L2,BR,10216610,56165,102444,1400,25536
L2,BR,10216611,9810,94487,210,20227
L2,BR,10216612,5482,104762,125,23888
L2,BR,10216710,48111,121053,1140,28684
L2,BR,10216711,8834,97744,204,22572
L2,BR,10216712,4399,127930,97,28209
L2,BR,10216713,3801,96735,97,24686
L2,BR,10216810,19788,131345,398,26418
L2,BR,10216910,35993,106530,938,27762
L2,BR,10217010,20139,152476,321,24303
L2,BR,10217210,28441,81938,602,17343
L2,BR,10217310,12145,88678,224,16356
L2,BR,10217410,25900,78020,419,12622
L2,BR,10217411,15191,69581,322,14749
L2,BR,10217510,124598,77043,4339,26829
L2,BR,10217511,6076,39440,365,23693
L2,BR,10217512,2963,26344,205,18227
L2,BR,10217513,29960,43664,1478,21540
L2,BR,10217514,19677,50517,869,22310
L2,BR,10217515,9666,29950,701,21720
L2,BR,10217516,3835,34778,214,19407
L2,BR,10217517,2880,29206,206,20891
L2,BR,10217518,767,29729,40,15504
L2,BR,10217519,6628,33048,444,22139
L2,BR,10217610,5985,44069,265,19512
L2,BR,10217710,14822,98965,403,26908
L2,BR,10217810,96170,113940,2237,26504
L2,BR,10217811,6005,36423,309,18742
L2,BR,10217910,12969,68882,432,22945
L2,BR,10218010,5489,44673,337,27427
L2,BR,10218011,4075,157318,101,38992
L2,BR,10218012,2379,28886,238,28898
L2,BR,10218110,11995,57544,635,30463
L2,BR,10218111,677,23268,33,11342
L2,BR,10218112,4477,46192,237,24453
L2,BR,10218210,24995,51646,1289,26634
L2,BR,10218410,24621,104935,636,27107
L2,BR,10218710,18766,101555,618,33444
L2,BR,10218810,11121,37301,1161,38941
L2,BR,10218910,12234,97704,428,34181
L2,BR,10218912,1600,52914,66,21827
L2,BR,10218913,1622,88784,33,18063
L2,BR,10219010,333299,51462,26765,41326
L2,BR,10219011,20024,41619,657,13655
L2,BR,10219012,21241,24063,1383,15667
L2,BR,10219013,9841,42972,673,29388
L2,BR,10219014,3193,18700,377,22079
L2,BR,10219015,3378,21338,427,26973
L2,BR,10219016,37623,75747,1782,35877
L2,BR,10219017,17228,21335,1534,18997
L2,BR,10219018,5421,37743,159,11070
L2,BR,10219019,46096,44405,2398,23100
L2,BR,10219020,9295,20179,1009,21905
L2,BR,10219021,4973,41739,321,26942
L2,BR,10219022,1014,10154,75,7510
L2,BR,10219023,11294,48099,506,21549
L2,BR,10219024,8848,60377,441,30093
L2,BR,10219025,2128,25673,168,20268
L2,BR,10219026,2981,91930,104,32072
L2,BR,10219110,24125,139400,758,43799
L2,BR,10219210,29639,112710,948,36050
L2,BR,10219211,14612,81216,536,29792
L2,BR,10219212,5736,59216,332,34274
L2,BR,10219213,2696,112865,69,28886
L2,BR,10219310,22319,77453,521,18080
L2,BR,10219410,69210,79556,2364,27174
L2,BR,10219411,25130,103678,446,18400
L2,BR,10219412,3148,114373,53,19256
L2,BR,10219413,7243,73714,197,20049
L2,BR,10219414,4364,55931,150,19225
L2,BR,10219415,4107,95091,61,14124
L2,BR,10219510,49544,104336,1020,21480
L2,BR,10219610,30143,153212,531,26990
L2,BR,10219710,29030,84668,831,24237
L2,BR,10219711,1217,47944,68,26789
L2,BR,10219810,125796,85178,4826,32677
L2,BR,10219811,19323,93546,692,33501
L2,BR,10219812,13081,103841,394,31277
L2,BR,10219813,38041,111445,1438,42128
L2,BR,10219814,19139,70298,767,28172
L2,BR,10219815,25376,102037,808,32490
L2,BR,10219816,21806,95486,595,26054
L2,BR,10219817,12541,90642,459,33175
L2,BR,10219818,7986,31693,652,25875
L2,BR,10219819,973,183516,24,45266
L2,BR,10219820,9407,146602,240,37402
L2,BR,10219821,1111,98406,19,16829
L2,BR,10219822,3179,105345,61,20214
L2,BR,10219823,4611,122007,122,32281
L2,BR,10219824,5298,114070,126,27129
L2,BR,10219825,9962,118622,341,40604
L2,BR,10219826,2898,131667,60,27260
L2,BR,10219827,799,140843,13,22916
L2,BR,10219828,2568,75534,99,29119
L2,BR,10219829,11733,147474,308,38713
L2,BR,10219830,2313,115431,56,27947
L2,BR,10219831,1236,48088,81,31514
L2,BR,10219832,2975,120572,49,19859
L2,BR,10219910,16177,77827,449,21601
L2,BR,10220010,15099,119755,264,20939
L2,BR,10220110,31264,113233,687,24882
L2,BR,10220210,9759,75271,342,26379
L2,BR,10220310,17134,131378,502,38492
L2,BR,10220410,78229,155603,2372,47181
L2,BR,10220411,3626,150139,75,31055
L2,BR,10220510,80108,249779,1268,39537
L2,BR,10220610,23255,181464,349,27233
L2,BR,10220611,11709,157305,149,20017
L2,BR,10220710,47936,141455,537,15846
L2,BR,10220711,7817,120221,151,23223
L2,BR,10220712,8881,139885,112,17641
L2,BR,10220713,4724,151488,59,18920
L2,BR,10220714,6409,155246,80,19378
L2,BR,10220810,25224,205446,255,20769
L2,BR,10220811,3345,154775,39,18046
L2,BR,10220910,34222,166289,623,30272
L2,BR,10221010,33889,163779,513,24792
L2,BR,10221011,3038,188042,50,30948
L2,BR,10221012,4846,192868,40,15920
L2,BR,10221013,6450,121359,103,19380
L2,BR,10221014,3132,181924,37,21492
L2,BR,10221015,2585,178670,26,17971
L2,BR,10221016,1161,84831,41,29958
L2,BR,10221110,75442,160621,985,20971
L2,BR,10221111,27036,171297,317,20085
L2,BR,10221112,33007,142080,542,23331
L2,BR,10221113,699,114328,9,14720
L2,BR,10221114,10559,163738,157,24346
L2,BR,10221115,3578,163222,69,31477
L2,BR,10221210,28262,137681,622,30301
L2,BR,10221211,4359,211427,45,21827
L2,BR,10221212,3851,146026,88,33369
L2,BR,10221213,8507,116896,165,22673
L2,BR,10221214,4934,167305,81,27466
L2,BR,10221310,27614,168654,325,19850
L2,BR,10221311,6155,150577,76,18593
L2,BR,10221312,3053,162187,31,16468
L2,BR,10221410,91698,163119,1485,26416
L2,BR,10221411,3383,104237,71,21876
L2,BR,10221510,23969,151006,441,27783
L2,BR,10221610,23578,122320,700,36315
L2,BR,10221710,18699,82553,413,18233
L2,BR,10221711,3451,90338,83,21727
L2,BR,10221810,14511,112578,325,25214
L2,BR,10221910,9748,71055,226,16474
L2,BR,10221911,1904,82696,24,10424
L2,BR,10222010,52154,120180,1740,40095
L2,BR,10222011,11946,94058,397,31258
L2,BR,10222012,19384,62282,1016,32645
L2,BR,10222013,17329,57907,573,19147
L2,BR,10222014,16121,45342,976,27451
L2,BR,10222015,5081,52804,234,24318
L2,BR,10222016,1425,27147,70,13335
L2,BR,10222017,5481,84032,181,27750
L2,BR,10222110,12575,105457,378,31700
L2,BR,10222210,40199,109536,904,24633
L2,BR,10222310,12819,108312,452,38191
L2,BR,10222410,12319,88317,237,16991
L2,BR,10222510,15298,95217,419,26079
L2,BR,10222610,85759,73670,3381,29044
L2,BR,10222611,18737,81707,572,24943
L2,BR,10222612,17607,81581,549,25438
L2,BR,10222613,16679,87722,541,28453
L2,BR,10222614,20244,76119,627,23576
L2,BR,10222615,10965,91179,294,24447
L2,BR,10222616,6171,92368,144,21554
L2,BR,10222617,20587,89108,450,19478
L2,BR,10222618,3366,76739,71,16187
L2,BR,10222619,4595,82933,96,17327
L2,BR,10222620,5075,89401,145,25543
L2,BR,10222621,12550,128452,218,22313
L2,BR,10222622,7412,102160,140,19296
L2,BR,10222623,14447,86459,290,17355
L2,BR,10222624,8722,76391,264,23122
L2,BR,10222710,11051,92491,426,35654
L2,BR,10222810,27339,79912,601,17567
L2,BR,10222910,7300,61307,203,17049
L2,BR,10222911,2165,59777,77,21260
L2,BR,10222912,4156,47671,106,12159
L2,BR,10222913,1566,69749,32,14253
L2,BR,10223110,13735,87476,150,9553
L2,BR,10223310,7678,53587,431,30081
L2,BR,10223410,40227,100093,1213,30182
L2,BR,10223411,6114,52435,178,15266
L2,BR,10223412,4466,55241,209,25852
L2,BR,10223413,4929,91064,96,17736
L2,BR,10223510,15654,52808,581,19600
L2,BR,10223511,3595,159374,84,37239
L2,BR,10223610,22853,98504,658,28362
L2,BR,10223710,13778,93578,403,27371
L2,BR,10223711,645,59321,29,26672
L2,BR,10223712,8310,90834,266,29075
L2,BR,10223810,10900,98836,292,26477
L2,BR,10224010,49901,127477,996,25444
L2,BR,10224110,23218,104493,685,30829
L2,BR,10224111,1606,65147,47,19065
L2,BR,10224210,60451,90723,2252,33797
L2,BR,10224310,10589,52955,452,22604
L2,BR,10224311,3063,123823,55,22234
L2,BR,10224510,19628,81312,389,16115
L2,BR,10224610,2843,173778,66,40342
L2,BR,10224611,7122,123101,193,33359
L2,BR,10224612,866,98791,20,22815
L2,BR,10224613,74993,169458,2209,49916
L2,BR,10224710,74600,108336,1540,22364
L2,BR,10224711,19854,87640,548,24190
L2,BR,10224712,7183,78794,210,23036
L2,BR,10224810,797297,66620,31178,26052
L2,BR,10224811,26060,99362,943,35955
L2,BR,10224812,27611,70383,935,23834
L2,BR,10224813,11620,50621,492,21433
L2,BR,10224814,22363,54223,1053,25532
L2,BR,10224815,8787,33566,391,14936
L2,BR,10224816,8974,48587,360,19491
L2,BR,10224817,54390,41056,4018,30330
L2,BR,10224818,6833,40859,396,23679
L2,BR,10224819,9952,44548,570,25515
L2,BR,10224820,15230,43169,804,22789
L2,BR,10224821,6218,52326,234,19692
L2,BR,10224822,23331,51471,1312,28944
L2,BR,10224823,25453,59941,1247,29366
L2,BR,10224824,36595,52666,2110,30367
L2,BR,10224825,6344,55751,321,28209
L2,BR,10224826,7409,61536,285,23671
L2,BR,10224827,11901,94026,302,23860
L2,BR,10224828,54186,76295,2571,36200
L2,BR,10224829,63406,77615,2701,33063
L2,BR,10224830,15911,100688,747,47272
L2,BR,10224831,18308,64176,723,25344
L2,BR,10224832,16282,59821,761,27960
L2,BR,10224833,9677,57518,379,22527
L2,BR,10224834,10523,72196,322,22092
L2,BR,10224835,6758,80513,258,30737
L2,BR,10224836,4030,56126,188,26183
L2,BR,10224837,7266,75857,261,27248
L2,BR,10224838,1898,39293,68,14078
L2,BR,10224839,5253,95634,214,38960
L2,BR,10224840,2062,42324,75,15394
L2,BR,10224910,13595,113150,353,29380
L2,BR,10225010,56466,87556,1971,30562
L2,BR,10225011,8431,71575,369,31326
L2,BR,10225012,2264,72295,52,16605
L2,BR,10225110,5578,47806,332,28454
L2,BR,10225210,21962,72643,379,12536
L2,BR,10225211,9801,61022,258,16063
L2,BR,10225212,2147,47804,17,3785
L2,BR,10225310,113055,178674,2117,33457
L2,BR,10225311,16361,92258,490,27631
L2,BR,10225312,6436,224415,82,28592
L2,BR,10225313,8908,102416,214,24604
L2,BR,10225410,31359,184267,407,23916
L2,BR,10225510,42745,156732,537,19690
L2,BR,10225610,19110,185750,394,38297
L2,BR,10225611,4082,172513,69,29161
L2,BR,10225612,2060,183372,46,40947
L2,BR,10225710,16292,143812,279,24628
L2,BR,10225711,4475,135074,59,17809
L2,BR,10225712,3657,132668,41,14874
L2,BR,10225810,14718,129882,393,34681
L2,BR,10225811,7122,85786,144,17345
L2,BR,10225910,7114,128210,215,38748
L2,BR,10225911,3142,91505,105,30579
L2,BR,10225912,4979,86988,167,29176
L2,BR,10225913,2706,103718,64,24530
L2,BR,10226010,10916,82711,418,31672
L2,BR,10226012,3950,97993,115,28530
L2,BR,BR888,6922773,72685,149989,15748
L2,CL,10310110,25609,105084,520,21338
L2,CL,10310210,26610,132456,470,23395
L2,CL,10310211,13924,111506,198,15856
L2,CL,10310310,35815,91878,619,15879
L2,CL,10310410,15983,87868,418,22980
L2,CL,10310510,12975,72572,154,8614
L2,CL,10310610,13730,60974,234,10392
L2,CL,10310611,13845,57188,241,9955
L2,CL,10310710,29020,98065,659,22269
L2,CL,10310711,2959,57420,57,11061
L2,CL,10310712,11057,63686,258,14860
L2,CL,10310713,9755,67211,169,11644
L2,CL,10310714,27645,84603,608,18607
L2,CL,10310810,7048,73530,152,15858
L2,CL,10310811,4232,76177,125,22500
L2,CL,10310812,1553,76923,15,7430
L2,CL,10310910,6697,68701,140,14362
L2,CL,10310911,1671,81262,32,15562
L2,CL,10310912,988,93278,29,27379
L2,CL,10311010,37590,97265,562,14542
L2,CL,10311011,15637,98568,498,31392
L2,CL,10311012,7143,81996,194,22270
L2,CL,10311013,12814,90735,476,33705
L2,CL,10311014,18131,92929,484,24807
L2,CL,10311015,15653,106863,297,20276
L2,CL,10311016,8507,85913,253,25551
L2,CL,10311017,12948,151195,429,50095
L2,CL,10311018,8749,94018,274,29444
L2,CL,10311019,36636,93976,1030,26421
L2,CL,10311020,14769,102692,387,26909
L2,CL,10311021,22867,106525,605,28184
L2,CL,10311022,5945,58490,156,15348
L2,CL,10311023,16268,56735,577,20123
L2,CL,10311024,8165,75274,142,13091
L2,CL,10311025,9698,80670,393,32691
L2,CL,10311026,11896,104931,282,24874
L2,CL,10311027,11864,94984,294,23538
L2,CL,10311028,39701,71006,1012,18100
L2,CL,10311029,14571,63508,507,22098
L2,CL,10311030,6561,111819,113,19259
L2,CL,10311031,10886,88808,425,34672
L2,CL,10311032,7592,81287,245,26232
L2,CL,10311033,27270,111397,591,24142
L2,CL,10311034,8370,55525,288,19105
L2,CL,10311035,24576,103287,483,20299
L2,CL,10311036,63177,100994,1345,21501
L2,CL,10311037,19348,86195,341,15191
L2,CL,10311038,13895,119561,335,28825
L2,CL,10311039,16794,98599,531,31176
L2,CL,10311040,21014,137108,441,28774
L2,CL,10311041,30393,100135,702,23129
L2,CL,10311042,11537,110047,316,30142
L2,CL,10311043,13415,116492,364,31609
L2,CL,10311044,9684,96898,336,33620
L2,CL,10311045,4483,50519,113,12734
L2,CL,10311110,21470,91469,418,17808
L2,CL,10311111,3352,61483,43,7887
L2,CL,10311112,1284,82898,31,20014
L2,CL,10311113,2146,62241,30,8701
L2,CL,10311210,18275,77424,342,14489
L2,CL,10311211,4493,78238,47,8184
L2,CL,10311310,18198,124124,335,22849
L2,CL,10311410,21875,95457,387,16888
L2,CL,10311411,8641,85349,143,14124
L2,CL,10311412,14139,120411,232,19758
L2,CL,10311413,10087,91019,166,14979
L2,CL,10311414,2527,96292,37,14099
L2,CL,10311415,5513,116714,107,22653
L2,CL,10311416,5303,101789,82,15740
L2,CL,10311417,12821,91861,182,13040
L2,CL,10311418,15698,87752,269,15037
L2,CL,10311419,5001,89601,72,12900
L2,CL,10311510,17245,95272,234,12928
L2,CL,10311511,2479,72950,18,5297
L2,CL,10311610,21885,110538,226,11415
L2,CL,10311710,28738,98238,341,11657
L2,CL,10311720,8497,92922,95,10389
L2,CL,10311810,18598,108426,196,11427
L2,CL,10311910,17885,113177,296,18731
L2,CL,10312010,27898,110469,331,13107
L2,CL,10312110,24107,186496,373,28856
L2,CL,CL888,446136,74424,7723,12883
L2,CO,10410110,9821,51874,258,13627
L2,CO,10410210,311863,124325,7691,30660
L2,CO,10410211,46479,98176,967,20426
L2,CO,10410212,24923,107010,545,23400
L2,CO,10410213,35180,128428,660,24094
L2,CO,10410214,6630,92231,138,19197
L2,CO,10410215,5647,87802,103,16015
L2,CO,10410216,9496,178376,181,34000
L2,CO,10410217,11242,141139,205,25737
L2,CO,10410218,3330,58673,83,14624
L2,CO,10410310,175257,142686,5750,46814
L2,CO,10410311,7645,61039,376,30020
L2,CO,10410312,5504,204846,217,80762
L2,CO,10410313,49802,76723,2142,32999
L2,CO,10410314,5744,127381,207,45905
L2,CO,10410410,88339,86194,1786,17426
L2,CO,10410411,2684,36168,44,5929
L2,CO,10410510,19861,101571,320,16365
L2,CO,10410511,1196,79824,13,8677
L2,CO,10410512,121,14522,10,12002
L2,CO,10410513,59,20819,2,7057
L2,CO,10410610,53194,133375,968,24271
L2,CO,10410611,5047,86302,108,18468
L2,CO,10410710,13900,77893,589,33006
L2,CO,10410810,14956,102297,357,24418
L2,CO,10410910,23642,83702,486,17206
L2,CO,10411010,49867,105371,1278,27005
L2,CO,10411110,8218,70809,217,18698
L2,CO,10411210,37005,81521,1475,32494
L2,CO,10411310,1014666,125566,22882,28317
L2,CO,10411311,8119,103895,191,24441
L2,CO,10411312,9506,109322,218,25071
L2,CO,10411313,35462,66443,1222,22896
L2,CO,10411314,9083,66323,271,19788
L2,CO,10411315,14009,110823,392,31010
L2,CO,10411316,514,42339,20,16474
L2,CO,10411317,9723,164245,136,22974
L2,CO,10411318,14371,108304,271,20423
L2,CO,10411319,2360,90962,41,15803
L2,CO,10411320,971,63785,18,11824
L2,CO,10411321,7840,97244,185,22947
L2,CO,10411322,1953,69920,43,15395
L2,CO,10411323,1117,39368,27,9516
L2,CO,10411324,3468,102978,68,20192
L2,CO,10411410,39551,114373,1299,37564
L2,CO,10411411,839,24804,25,7391
L2,CO,10411510,16177,58218,390,14035
L2,CO,10411610,51788,103702,1636,32760
L2,CO,10411611,5953,56745,453,43181
L2,CO,10411612,590,18614,60,18929
L2,CO,10411710,40982,80990,1062,20988
L2,CO,10411810,36469,80926,1227,27228
L2,CO,10411910,41081,61993,2228,33621
L2,CO,10411911,4930,62875,254,32394
L2,CO,10411912,4139,44668,279,30110
L2,CO,10412010,32892,109745,1009,33666
L2,CO,10412011,4498,57383,178,22708
L2,CO,10412110,42618,89848,1247,26289
L2,CO,10412111,13231,65243,329,16223
L2,CO,10412112,4003,55112,130,17898
L2,CO,10412210,17148,89491,627,32722
L2,CO,10412310,62512,118283,2170,41060
L2,CO,10412311,21198,79507,896,33606
L2,CO,10412312,10253,53864,370,19438
L2,CO,10412313,10208,65349,355,22726
L2,CO,10412410,24787,87627,788,27858
L2,CO,10412510,55387,98191,1579,27993
L2,CO,10412610,6550,15754,387,9308
L2,CO,10412710,192286,79453,6130,25329
L2,CO,10412711,2539,30180,125,14858
L2,CO,10412712,5963,47848,181,14524
L2,CO,10412713,5208,42424,224,18247
L2,CO,10412810,7171,53659,300,22448
L2,CO,10412910,15435,50005,815,26404
L2,CO,10413010,10031,46307,487,22482
L2,CO,10413110,12733,112169,347,30568
L2,CO,10413111,2153,68793,67,21408
L2,CO,10413210,9368,88142,368,34625
L2,CO,10413211,474,48811,19,19565
L2,CO,10413212,783,26727,55,18774
L2,CO,10413310,11015,78788,490,35049
L2,CO,10413410,7492,65262,256,22300
L2,CO,10413510,12884,114742,395,35178
L2,CO,10413511,930,56566,11,6691
L2,CO,CO888,542530,25803,22527,10714
L2,GT,20310110,3168,19377,183,11193
L2,GT,20310210,63389,63750,2219,22316
L2,GT,20310211,3188,39280,59,7269
L2,GT,20310212,4131,41776,66,6674
L2,GT,20310213,2306,19256,118,9854
L2,GT,20310214,2872,17726,84,5185
L2,GT,20310215,11629,20177,422,7322
L2,GT,20310216,18894,37924,624,12525
L2,GT,20310217,2288,45494,29,5766
L2,GT,20310218,3123,22761,71,5175
L2,GT,20310219,2879,11877,92,3795
L2,GT,20310220,4388,22533,126,6470
L2,GT,20310221,1323,20619,21,3273
L2,GT,20310222,1371,49642,33,11949
L2,GT,20310223,1082,23890,28,6182
L2,GT,20310310,10669,65777,328,20222
L2,GT,20310311,650,19339,27,8033
L2,GT,20310312,526,13589,12,3100
L2,GT,20310313,60,1475,2,492
L2,GT,20310314,860,42886,11,5485
L2,GT,GT888,118871,8392,3606,2546
L2,MX,20410110,16465,18747,1733,19732
L2,MX,20410111,615,4857,52,4107
L2,MX,20410112,205,4065,23,4561
L2,MX,20410210,7647,13874,1111,20156
L2,MX,20410310,16682,15431,2843,26298
L2,MX,20410410,13734,6658,3137,15207
L2,MX,20410411,809,6270,100,7750
L2,MX,20410412,1267,8696,209,14345
L2,MX,20410510,13683,55069,570,22940
L2,MX,20410610,3890,14162,441,16056
L2,MX,20410710,2881,10660,421,15578
L2,MX,20410810,11456,12638,1284,14165
L2,MX,20410811,152,7944,13,6795
L2,MX,20410812,92,12286,8,10683
L2,MX,20410910,21278,13291,2736,17090
L2,MX,20411010,1299,9546,191,14037
L2,MX,20411110,1630,11582,271,19255
L2,MX,20411210,1670,16695,220,21993
L2,MX,20411310,474,2024,53,2263
L2,MX,20411410,1374,5037,237,8688
L2,MX,20411510,3458,5767,519,8656
L2,MX,20411511,95,2084,11,2413
L2,MX,20411512,201,1950,40,3881
L2,MX,20411610,3047,20062,346,22781
L2,MX,20411710,6856,34524,688,34645
L2,MX,20411711,353,14060,47,18720
L2,MX,20411712,1454,19675,152,20568
L2,MX,20411810,6029,34847,404,23351
L2,MX,20411811,657,21959,46,15375
L2,MX,20411910,12693,15687,1600,19774
L2,MX,20411911,125,6201,20,9921
L2,MX,20411912,607,5821,88,8439
L2,MX,20412010,16362,24757,1308,19791
L2,MX,20412011,7038,18690,781,20740
L2,MX,20412012,2051,11925,118,6861
L2,MX,20412013,1291,11759,145,13207
L2,MX,20412110,2454,17717,250,18049
L2,MX,20412111,107,5469,24,12267
L2,MX,20412112,163,11034,26,17601
L2,MX,20412113,265,11455,40,17290
L2,MX,20412114,2004,12913,168,10826
L2,MX,20412210,2564,13672,312,16637
L2,MX,20412310,1292,13081,139,14073
L2,MX,20412311,162,8438,33,17188
L2,MX,20412410,16509,28938,956,16757
L2,MX,20412510,13412,20677,1642,25314
L2,MX,20412511,255,3995,38,5953
L2,MX,20412610,5802,24484,413,17428
L2,MX,20412710,1596,15031,232,21850
L2,MX,20412810,9374,20807,818,18157
L2,MX,20412811,1114,13496,131,15871
L2,MX,20412812,855,13570,94,14919
L2,MX,20412813,1453,19386,179,23882
L2,MX,20412814,923,16846,95,17338
L2,MX,20412910,4375,24729,324,18314
L2,MX,20413010,11087,22081,1067,21250
L2,MX,20413110,37538,22798,3481,21142
L2,MX,20413111,3016,17247,359,20529
L2,MX,20413210,1416,30974,54,11812
L2,MX,20413211,1243,30975,44,10965
L2,MX,20413310,6219,26655,554,23745
L2,MX,20413410,2529,23309,283,26083
L2,MX,20413411,1149,13712,128,15276
L2,MX,20413510,7089,20893,1061,31270
L2,MX,20413511,178,18384,47,48543
L2,MX,20413512,3243,23260,373,26753
L2,MX,20413513,209,22878,36,39406
L2,MX,20413514,299,8738,81,23673
L2,MX,20413515,253,12887,87,44316
L2,MX,20413516,682,20197,91,26949
L2,MX,20413610,1767,16684,315,29742
L2,MX,20413611,433,12775,104,30684
L2,MX,20413612,402,12683,87,27447
L2,MX,20413614,974,13324,174,23802
L2,MX,20413615,192,9956,39,20224
L2,MX,20413616,425,13368,81,25478
L2,MX,20413710,1982,14790,394,29401
L2,MX,20413711,262,6286,82,19674
L2,MX,20413712,312,9065,51,14817
L2,MX,20413810,24715,17385,4206,29586
L2,MX,20413811,1105,6096,180,9930
L2,MX,20413812,235,8888,44,16642
L2,MX,20413813,120,10593,14,12359
L2,MX,20413814,3347,7135,477,10169
L2,MX,20413815,4942,6491,846,11112
L2,MX,20413816,4064,7200,577,10222
L2,MX,20413817,13117,8896,1680,11393
L2,MX,20413910,754,7927,161,16926
L2,MX,20413911,187,3795,50,10148
L2,MX,20414010,3162,10420,381,12555
L2,MX,20414011,933,7462,138,11038
L2,MX,20414110,19275,32444,1787,30079
L2,MX,20414111,26549,36393,2024,27744
L2,MX,20414112,1145,9583,130,10880
L2,MX,20414113,400,7038,37,6510
L2,MX,20414114,153,4955,59,19107
L2,MX,20414115,448,6778,71,10743
L2,MX,20414116,4277,9100,736,15660
L2,MX,20414117,124,5543,9,4023
L2,MX,20414118,273,9851,21,7578
L2,MX,20414119,29,3690,2,2545
L2,MX,20414120,15293,39402,1649,42487
L2,MX,20414121,11629,32585,980,27460
L2,MX,20414122,6311,17291,1274,34905
L2,MX,20414123,150,4917,32,10489
L2,MX,20414124,1350,3294,222,5417
L2,MX,20414125,151,6064,24,9638
L2,MX,20414126,4233,7121,783,13172
L2,MX,20414127,3759,9879,634,16662
L2,MX,20414128,155,9003,11,6389
L2,MX,20414129,376,7494,75,14949
L2,MX,20414130,6690,29559,395,17453
L2,MX,20414131,17424,32858,1789,33737
L2,MX,20414132,3188,16098,464,23430
L2,MX,20414133,4477,7484,1006,16818
L2,MX,20414134,20246,11312,3875,21651
L2,MX,20414135,24,2497,4,4161
L2,MX,20414136,35919,33558,3748,35017
L2,MX,20414137,889,7498,113,9531
L2,MX,20414138,221,4901,44,9758
L2,MX,20414139,2953,10067,266,9068
L2,MX,20414140,42,3660,3,2614
L2,MX,20414141,4780,5988,659,8255
L2,MX,20414142,12909,36343,1440,40540
L2,MX,20414143,41024,21886,4702,25085
L2,MX,20414144,162,5429,51,17092
L2,MX,20414145,159,12525,15,11816
L2,MX,20414146,95,3481,13,4764
L2,MX,20414147,9916,41200,455,18905
L2,MX,20414148,2175,7816,451,16207
L2,MX,20414149,553,14578,85,22407
L2,MX,20414150,10842,30680,897,25383
L2,MX,20414151,5397,32625,185,11183
L2,MX,20414152,11332,15869,1600,22406
L2,MX,20414153,230,7313,43,13673
L2,MX,20414154,15126,16394,2477,26847
L2,MX,20414155,3349,8366,557,13915
L2,MX,20414156,104,9713,5,4670
L2,MX,20414157,294,8917,40,12132
L2,MX,20414158,226,8826,20,7811
L2,MX,20414159,25,5606,5,11211
L2,MX,20414160,216,7989,22,8137
L2,MX,20414161,4392,8271,744,14011
L2,MX,20414162,212,14946,4,2820
L2,MX,20414163,263,5823,52,11514
L2,MX,20414164,90,7230,8,6427
L2,MX,20414165,535,5743,108,11593
L2,MX,20414166,670,12484,95,17701
L2,MX,20414167,92,2689,15,4385
L2,MX,20414168,101,5698,12,6770
L2,MX,20414169,482,5736,95,11305
L2,MX,20414170,172,4305,39,9761
L2,MX,20414171,2003,8930,435,19394
L2,MX,20414172,316,7293,57,13155
L2,MX,20414173,2228,26956,358,43313
L2,MX,20414174,13717,31359,666,15225
L2,MX,20414175,671,13650,37,7527
L2,MX,20414176,9628,16555,1562,26859
L2,MX,20414177,27592,43344,1412,22181
L2,MX,20414178,62,4838,11,8583
L2,MX,20414179,1504,9856,246,16121
L2,MX,20414180,5155,8726,1059,17926
L2,MX,20414181,1718,4878,362,10278
L2,MX,20414182,17356,42622,1324,32514
L2,MX,20414183,157,3263,13,2702
L2,MX,20414184,19255,40660,927,19575
L2,MX,20414185,1753,8935,297,15137
L2,MX,20414210,475,5567,102,11953
L2,MX,20414211,124,13403,31,33508
L2,MX,20414212,600,53450,179,159458
L2,MX,20414213,288,7662,56,14899
L2,MX,20414214,51,8032,6,9450
L2,MX,20414215,192,7921,30,12376
L2,MX,20414310,12906,13395,2111,21909
L2,MX,20414311,811,4714,168,9766
L2,MX,20414312,410,8340,82,16681
L2,MX,20414313,125,13281,27,28688
L2,MX,20414314,1446,11491,269,21377
L2,MX,20414315,3097,13229,545,23279
L2,MX,20414316,140,11224,30,24051
L2,MX,20414317,604,8901,147,21662
L2,MX,20414318,441,4485,108,10984
L2,MX,20414319,103,6226,20,12090
L2,MX,20414320,250,17441,53,36976
L2,MX,20414321,868,9833,181,20503
L2,MX,20414322,437,4157,90,8562
L2,MX,20414323,640,8025,128,16050
L2,MX,20414324,594,10753,121,21904
L2,MX,20414325,1492,8334,318,17763
L2,MX,20414410,1466,16178,126,13905
L2,MX,20414412,1825,15492,173,14686
L2,MX,20414510,9930,12514,1258,15854
L2,MX,20414511,228,13097,28,16084
L2,MX,20414512,611,8988,88,12945
L2,MX,20414610,3626,12041,458,15209
L2,MX,20414710,1741,9633,178,9848
L2,MX,20414711,386,5217,32,4325
L2,MX,20414810,1897,10628,268,15014
L2,MX,20414811,102,6991,14,9596
L2,MX,20414812,582,8605,81,11975
L2,MX,20414813,130,7584,30,17502
L2,MX,20414814,538,6018,97,10850
L2,MX,20414815,281,5937,41,8662
L2,MX,20414910,3958,10290,639,16613
L2,MX,20414911,472,4653,85,8380
L2,MX,20414912,106,6540,20,12340
L2,MX,20414913,1682,8097,259,12469
L2,MX,20414914,638,5579,127,11106
L2,MX,20414915,199,4266,27,5789
L2,MX,20414916,323,7467,77,17801
L2,MX,20414917,432,5632,76,9909
L2,MX,20415010,5303,13309,645,16187
L2,MX,20415011,436,8630,57,11282
L2,MX,20415110,32399,29408,3167,28746
L2,MX,20415111,11063,15003,897,12165
L2,MX,20415112,1445,21083,128,18675
L2,MX,20415113,477,61368,45,57895
L2,MX,20415114,4196,36117,208,17903
L2,MX,20415115,6429,14320,603,13431
L2,MX,20415116,595,64263,47,50762
L2,MX,20415117,14090,20072,1447,20613
L2,MX,20415118,4164,12082,263,7631
L2,MX,20415119,739,14262,51,9842
L2,MX,20415120,9431,22758,988,23841
L2,MX,20415121,1541,14258,102,9437
L2,MX,20415122,7128,21638,441,13387
L2,MX,20415123,1249,32077,49,12584
L2,MX,20415210,10859,45250,647,26961
L2,MX,20415211,107,31953,5,14931
L2,MX,20415212,98,41624,1,4247
L2,MX,20415213,177,27284,8,12332
L2,MX,20415214,196,37108,9,17039
L2,MX,20415215,574,46121,46,36961
L2,MX,20415216,265,20378,14,10766
L2,MX,20415217,488,45067,31,28628
L2,MX,20415218,319,25324,14,11114
L2,MX,20415219,396,18289,18,8313
L2,MX,20415220,609,41028,22,14821
L2,MX,20415221,355,28150,18,14273
L2,MX,20415222,2276,27799,157,19176
L2,MX,20415223,1854,45253,88,21479
L2,MX,20415224,286,33486,19,22246
L2,MX,20415225,775,29885,46,17738
L2,MX,20415226,77,35092,6,27345
L2,MX,20415227,54,52176,4,38649
L2,MX,20415228,103,25246,10,24510
L2,MX,20415229,229,20250,3,2653
L2,MX,20415230,271,44627,23,37876
L2,MX,20415231,750,17742,47,11118
L2,MX,20415410,1769,12086,233,15918
L2,MX,20415510,412,6120,61,9061
L2,MX,20415511,50,2378,7,3329
L2,MX,20415512,1033,13845,158,21177
L2,MX,20415610,46286,26038,5093,28651
L2,MX,20415611,163,2859,32,5612
L2,MX,20415612,77,12508,11,17868
L2,MX,20415613,454,3792,71,5930
L2,MX,20415614,1265,11915,240,22605
L2,MX,20415615,111,7819,13,9157
L2,MX,20415616,241,7247,34,10224
L2,MX,20415617,1019,13135,88,11344
L2,MX,20415618,10,1763,5,8814
L2,MX,20415619,877,11256,105,13477
L2,MX,20415620,448,13224,80,23614
L2,MX,20415621,119,8575,15,10809
L2,MX,20415622,40,4819,11,13252
L2,MX,20415623,209,10017,47,22526
L2,MX,20415624,153,11007,31,22302
L2,MX,20415625,364,13573,78,29086
L2,MX,20415626,1971,14035,221,15737
L2,MX,20415627,48,5681,12,14202
L2,MX,20415628,60,8823,7,10294
L2,MX,20415629,60,24842,14,57964
L2,MX,20415630,78,8979,10,11511
L2,MX,20415631,74,15015,15,30436
L2,MX,20415632,1610,10521,226,14769
L2,MX,20415633,86,6335,11,8103
L2,MX,20415634,494,5458,96,10606
L2,MX,20415635,1528,11271,151,11138
L2,MX,20415636,186,7041,41,15520
L2,MX,20415637,80,13215,18,29733
L2,MX,20415638,42,13166,5,15674
L2,MX,20415639,106,18777,13,23028
L2,MX,20415640,35,6169,3,5288
L2,MX,20415641,140,14257,35,35642
L2,MX,20415642,294,12303,38,15902
L2,MX,20415643,56,4133,14,10334
L2,MX,20415644,168,8309,33,16322
L2,MX,20415645,224,27388,33,40349
L2,MX,20415646,110,9268,16,13481
L2,MX,20415647,29,4830,3,4996
L2,MX,20415648,191,19079,20,19978
L2,MX,20415649,820,20883,129,32852
L2,MX,20415710,2524,7629,613,18529
L2,MX,20415711,107,3390,42,13308
L2,MX,20415810,1238,11614,156,14635
L2,MX,20415811,102,2516,17,4193
L2,MX,20415910,36101,39524,2205,24141
L2,MX,20415911,3326,18335,150,8269
L2,MX,20415912,2457,24919,196,19878
L2,MX,20415913,196,4852,15,3713
L2,MX,20416010,2875,10856,354,13367
L2,MX,20416110,9170,9777,1594,16995
L2,MX,20416111,265,14120,33,17583
L2,MX,20416210,5337,25290,289,13694
L2,MX,20416310,2421,6200,313,8016
L2,MX,20416410,14094,16812,1950,23261
L2,MX,20416510,4456,9885,1006,22316
L2,MX,20416610,5045,10951,827,17951
L2,MX,20416710,3972,23404,293,17264
L2,MX,20416810,1297,19892,118,18097
L2,MX,20416811,506,15777,51,15902
L2,MX,20416910,32725,38707,2677,31664
L2,MX,20416911,4699,13995,478,14236
L2,MX,20417010,6981,18078,878,22736
L2,MX,20417110,2352,17432,333,24681
L2,MX,20417111,618,13589,108,23747
L2,MX,20417210,22453,24783,1792,19780
L2,MX,20417310,2405,15974,245,16273
L2,MX,20417410,3446,13457,486,18979
L2,MX,20417510,2640,15153,439,25197
L2,MX,20417610,30601,49844,1716,27951
L2,MX,20417616,5131,50557,248,24436
L2,MX,20417710,8150,23347,401,11487
L2,MX,20417810,7913,14374,676,12280
L2,MX,20417910,4680,10230,651,14230
L2,MX,20418010,8217,10901,961,12749
L2,MX,20418011,934,8936,138,13202
L2,MX,20418110,8756,29279,718,24009
L2,MX,20418111,4130,17144,269,11166
L2,MX,20418112,5090,25286,373,18530
L2,MX,20418113,797,10210,70,8968
L2,MX,20418114,172,2845,33,5458
L2,MX,20418210,3292,32231,382,37400
L2,MX,20418211,204,26022,23,29339
L2,MX,20418212,330,27111,45,36969
L2,MX,20418213,2151,25979,217,26209
L2,MX,20418214,1186,16526,192,26753
L2,MX,20418215,500,12794,83,21238
L2,MX,20418216,77,17333,10,22511
L2,MX,20418217,176,9995,29,16469
L2,MX,20418218,393,20211,56,28800
L2,MX,20418219,49,11780,6,14425
L2,MX,20418220,99,9000,18,16364
L2,MX,20418221,315,15109,39,18707
L2,MX,20418222,58,8961,16,24720
L2,MX,20418223,406,12546,35,10816
L2,MX,20418224,74,13304,8,14382
L2,MX,20418225,414,15720,52,19745
L2,MX,20418226,307,14674,21,10038
L2,MX,20418227,284,10705,44,16586
L2,MX,20418228,598,13618,49,11158
L2,MX,20418310,217,2631,64,7761
L2,MX,20418311,34,2580,9,6830
L2,MX,20418312,16,1097,4,2743
L2,MX,20418410,3347,11024,741,24406
L2,MX,20418411,87,5479,35,22042
L2,MX,20418412,295,11211,108,41045
L2,MX,20418510,2703,13856,316,16199
L2,MX,20418511,198,5307,36,9650
L2,MX,20418512,825,13579,66,10863
L2,MX,20418513,44,5593,15,19068
L2,MX,20418610,1658,11548,342,23820
L2,MX,20418611,27,1907,6,4238
L2,MX,20418612,580,4685,144,11632
L2,MX,20418613,176,4826,60,16454
L2,MX,20418614,22,1485,4,2700
L2,MX,20418615,7,532,2,1520
L2,MX,20418710,3128,28388,270,24503
L2,MX,20418711,112,5303,12,5682
L2,MX,20418712,428,11818,49,13530
L2,MX,20418713,95,14567,10,15333
L2,MX,20418714,241,9472,23,9039
L2,MX,20418715,749,10795,68,9800
L2,MX,20418716,62,4550,11,8073
L2,MX,20418717,383,12275,49,15704
L2,MX,20418718,617,21953,73,25974
L2,MX,20418719,944,25719,88,23975
L2,MX,20418720,163,6241,20,7658
L2,MX,20418721,25,3895,3,4674
L2,MX,20418810,3308,13546,561,22972
L2,MX,20418811,54,2387,14,6187
L2,MX,20418812,484,9014,92,17135
L2,MX,20418813,604,5177,146,12514
L2,MX,20418814,392,5851,96,14329
L2,MX,20418910,11187,18181,1512,24573
L2,MX,20418911,393,8585,43,9394
L2,MX,20418912,1329,8824,188,12482
L2,MX,20418913,39,4434,8,9096
L2,MX,20418914,579,12210,77,16237
L2,MX,20419010,4100,9658,745,17550
L2,MX,20419011,154,6673,31,13433
L2,MX,20419012,420,4822,94,10792
L2,MX,20419013,288,4946,53,9103
L2,MX,20419014,56,4232,14,10581
L2,MX,20419015,23,2849,7,8670
L2,MX,20419016,61,2996,19,9333
L2,MX,20419110,20425,22285,1902,20752
L2,MX,20419111,100,9658,20,19317
L2,MX,20419113,824,9452,93,10668
L2,MX,20419114,20,6053,6,18158
L2,MX,20419115,772,12675,109,17896
L2,MX,20419210,4943,21671,504,22096
L2,MX,20419310,6834,46942,504,34619
L2,MX,20419311,6264,35453,361,20432
L2,MX,20419312,282,21385,30,22750
L2,MX,MX888,292156,5908,33724,6819
L2,PE,10510110,6364,29627,2384,110985
L2,PE,10510111,4475,29611,892,59023
L2,PE,10510112,265,16760,142,89811
L2,PE,10510210,1165,18172,604,94215
L2,PE,10510211,1044,14193,293,39834
L2,PE,10510310,7891,145873,1470,271744
L2,PE,10510311,524,6358,386,46838
L2,PE,10510312,1388,15119,407,44335
L2,PE,10510313,3680,24837,631,42588
L2,PE,10510314,1,108,34,36606
L2,PE,10510315,786,16265,292,60423
L2,PE,10510316,233,3037,434,56576
L2,PE,10510317,294,5582,349,66265
L2,PE,10510318,349,7170,402,82585
L2,PE,10510319,1,535,7,37473
L2,PE,10510320,1147,9194,744,59637
L2,PE,10510321,0,0,4,29070
L2,PE,10510322,0,0,19,45938
L2,PE,10510323,4,204,105,53623
L2,PE,10510324,148,1894,350,44794
L2,PE,10510325,15,1016,58,39274
L2,PE,10510326,20,1608,54,43422
L2,PE,10510327,1579,61963,169,66319
L2,PE,10510328,7,276,68,26806
L2,PE,10510410,2379,20983,628,55389
L2,PE,10510411,123,5761,54,25293
L2,PE,10510412,174,9638,71,39326
L2,PE,10510413,1775,35198,136,26969
L2,PE,10510414,11,1925,7,12248
L2,PE,10510510,5865,23790,1204,48837
L2,PE,10510511,0,0,108,25261
L2,PE,10510512,0,0,12,22376
L2,PE,10510610,2440,20623,689,58234
L2,PE,10510611,2867,60869,205,43523
L2,PE,10510612,2116,18351,396,34344
L2,PE,10510613,3033,33642,396,43925
L2,PE,10510614,2822,44247,444,69616
L2,PE,10510710,1369,17998,661,86899
L2,PE,10510711,1099,15636,459,65305
L2,PE,10510712,164,3184,180,34941
L2,PE,10510713,1,195,5,9726
L2,PE,10510714,12,658,33,18084
L2,PE,10510810,1178,18501,1059,166324
L2,PE,10510811,0,0,40,54149
L2,PE,10510812,0,0,120,97379
L2,PE,10510813,0,0,384,159674
L2,PE,10510814,12,196,433,70893
L2,PE,10510815,1,36,275,100015
L2,PE,10510910,3370,25725,1944,148394
L2,PE,10510911,0,0,242,67899
L2,PE,10510912,3,156,125,64905
L2,PE,10510913,0,0,57,84708
L2,PE,10510914,1,18,284,51875
L2,PE,10510915,12,2508,433,905100
L2,PE,10510916,6,409,39,26598
L2,PE,10510917,141,4843,162,55638
L2,PE,10510918,25,902,138,49809
L2,PE,10510919,7,1530,43,94010
L2,PE,10511010,2090,38785,739,137139
L2,PE,10511011,7,517,122,90110
L2,PE,10511012,6,275,133,61020
L2,PE,10511013,3,170,113,64019
L2,PE,10511110,6094,52106,1044,89267
L2,PE,10511111,221,2581,478,55823
L2,PE,10511112,296,13484,140,63776
L2,PE,10511113,2693,16682,1156,71610
L2,PE,10511114,21,3552,29,49053
L2,PE,10511115,63,3024,47,22558
L2,PE,10511116,44,5141,35,40897
L2,PE,10511117,209,12711,75,45612
L2,PE,10511118,41,3532,60,51693
L2,PE,10511119,26,2036,55,43073
L2,PE,10511120,66,8262,22,27541
L2,PE,10511210,7038,24121,3107,106485
L2,PE,10511211,657,3400,825,42695
L2,PE,10511212,694,7665,546,60301
L2,PE,10511213,464,6008,379,49072
L2,PE,10511214,280,6323,156,35226
L2,PE,10511215,0,0,170,67133
L2,PE,10511310,23314,85772,0,0
L2,PE,10511311,1911,44051,0,0
L2,PE,10511312,11011,17475,0,0
L2,PE,10511313,1932,64434,0,0
L2,PE,10511314,29360,408726,998,138933
L2,PE,10511316,7227,17762,5521,135688
L2,PE,10511317,7133,23621,0,0
L2,PE,10511318,0,0,421,102433
L2,PE,10511319,962,22152,0,0
L2,PE,10511320,9977,30647,0,0
L2,PE,10511321,379,8050,0,0
L2,PE,10511322,17419,33186,0,0
L2,PE,10511323,5262,27497,0,0
L2,PE,10511324,7563,34881,0,0
L2,PE,10511325,6703,93632,0,0
L2,PE,10511326,6421,37408,0,0
L2,PE,10511327,920,15642,488,82969
L2,PE,10511328,14,4127,34,100236
L2,PE,10511329,7260,42264,0,0
L2,PE,10511330,3901,77666,0,0
L2,PE,10511331,13741,37015,0,0
L2,PE,10511332,2672,12202,0,0
L2,PE,10511333,1437,16880,0,0
L2,PE,10511334,5263,96293,0,0
L2,PE,10511336,7315,89281,2,244
L2,PE,10511337,1388,10705,0,0
L2,PE,10511338,174,10209,0,0
L2,PE,10511339,4657,61185,0,0
L2,PE,10511341,7632,21600,0,0
L2,PE,10511342,232,30490,0,0
L2,PE,10511343,130,16385,0,0
L2,PE,10511344,280,45879,39,63903
L2,PE,10511345,8611,52216,0,0
L2,PE,10511346,192,24938,0,0
L2,PE,10511347,6444,57573,0,0
L2,PE,10511348,3997,73737,0,0
L2,PE,10511349,22395,20521,0,0
L2,PE,10511350,10906,26995,0,0
L2,PE,10511351,2302,39965,73,12674
L2,PE,10511352,21159,30220,0,0
L2,PE,10511353,6855,50588,0,0
L2,PE,10511354,5350,23422,0,0
L2,PE,10511355,64,5430,86,72962
L2,PE,10511356,54,33582,0,0
L2,PE,10511357,573,30558,0,0
L2,PE,10511358,16409,47667,0,0
L2,PE,10511359,4387,48026,0,0
L2,PE,10511360,3700,8639,1831,42752
L2,PE,10511361,9611,20757,0,0
L2,PE,10511362,12511,27892,0,0
L2,PE,10511410,10477,32852,3202,100403
L2,PE,10511411,50,269,664,35675
L2,PE,10511412,98,2338,397,94718
L2,PE,10511413,21,308,251,36855
L2,PE,10511414,1612,8833,954,52276
L2,PE,10511415,244,6914,254,71977
L2,PE,10511416,90,2608,223,64632
L2,PE,10511417,245,13514,142,78328
L2,PE,10511418,3493,54558,336,52480
L2,PE,10511510,1257,8353,1470,97685
L2,PE,10511511,426,5629,276,36467
L2,PE,10511512,2953,32405,465,51027
L2,PE,10511513,1067,6897,544,35166
L2,PE,10511610,1317,4371,2070,68700
L2,PE,10511611,1020,7123,1017,71018
L2,PE,10511612,177,2432,350,48091
L2,PE,10511710,1089,6159,1307,73924
L2,PE,10511711,119,3126,276,72496
L2,PE,10511712,46,5325,42,48617
L2,PE,10511713,202,6995,135,46752
L2,PE,10511714,23,3452,76,114063
L2,PE,10511810,625,2245,957,34370
L2,PE,10511811,0,0,13,22989
L2,PE,10511910,2843,20154,992,70323
L2,PE,10512010,2444,33473,603,82586
L2,PE,10512011,1,301,11,33063
L2,PE,10512012,2,49,172,41835
L2,PE,10512013,1167,39827,126,43000
L2,PE,10512110,1365,16016,689,80842
L2,PE,10512111,947,24170,254,64829
L2,PE,10512112,1102,345563,14,43901
L2,PE,10512113,292,7751,171,45393
L2,PE,10512114,292,2507,382,32791
L2,PE,10512115,19,893,93,43707
L2,PE,10512210,2718,24337,795,71184
L2,PE,10512211,462,19356,193,80861
L2,PE,10512310,1354,8788,1532,99428
L2,PE,10512311,124,1545,383,47726
L2,PE,10512312,848,8682,677,69309
L2,PE,PE888,1400807,92853,44425,29447
